count,mean,std,p9987,p98,p95,p90
155206698,0.3663382838025757,0.15370366343915398,0.7777861952781677,0.6732471621036531,0.6230646967887878,0.5732786059379578
