count,mean,std,p0013,p02,p05,p10
2857606,0.8092029734353797,0.19667538368852464,0.3475416194498539,0.4512470066547394,0.47092873603105545,0.4895695000886917
